{
  "shape": [
    10000,
    12
  ],
  "null_counts": {
    "Type": 0,
    "Air temperature [K]": 0,
    "Process temperature [K]": 0,
    "Rotational speed [rpm]": 0,
    "Torque [Nm]": 0,
    "Tool wear [min]": 0,
    "Machine failure": 0,
    "TWF": 0,
    "HDF": 0,
    "PWF": 0,
    "OSF": 0,
    "RNF": 0
  },
  "failure_rate": 0.0339,
  "failure_modes": {
    "TWF": {
      "count": 46,
      "rate": 0.0046
    },
    "HDF": {
      "count": 115,
      "rate": 0.0115
    },
    "PWF": {
      "count": 95,
      "rate": 0.0095
    },
    "OSF": {
      "count": 98,
      "rate": 0.0098
    },
    "RNF": {
      "count": 19,
      "rate": 0.0019
    }
  },
  "feature_stats": {
    "Air temperature [K]": {
      "count": 10000.0,
      "mean": 300.00493,
      "std": 2.000258682915751,
      "min": 295.3,
      "25%": 298.3,
      "50%": 300.1,
      "75%": 301.5,
      "max": 304.5
    },
    "Process temperature [K]": {
      "count": 10000.0,
      "mean": 310.00556,
      "std": 1.4837342191657208,
      "min": 305.7,
      "25%": 308.8,
      "50%": 310.1,
      "75%": 311.1,
      "max": 313.8
    },
    "Rotational speed [rpm]": {
      "count": 10000.0,
      "mean": 1538.7761,
      "std": 179.2840959134266,
      "min": 1168.0,
      "25%": 1423.0,
      "50%": 1503.0,
      "75%": 1612.0,
      "max": 2886.0
    },
    "Torque [Nm]": {
      "count": 10000.0,
      "mean": 39.986909999999995,
      "std": 9.968933725121337,
      "min": 3.8,
      "25%": 33.2,
      "50%": 40.1,
      "75%": 46.8,
      "max": 76.6
    },
    "Tool wear [min]": {
      "count": 10000.0,
      "mean": 107.951,
      "std": 63.654146636636355,
      "min": 0.0,
      "25%": 53.0,
      "50%": 108.0,
      "75%": 162.0,
      "max": 253.0
    },
    "Machine failure": {
      "count": 10000.0,
      "mean": 0.0339,
      "std": 0.18098084265065364,
      "min": 0.0,
      "25%": 0.0,
      "50%": 0.0,
      "75%": 0.0,
      "max": 1.0
    },
    "TWF": {
      "count": 10000.0,
      "mean": 0.0046,
      "std": 0.06767051004531426,
      "min": 0.0,
      "25%": 0.0,
      "50%": 0.0,
      "75%": 0.0,
      "max": 1.0
    },
    "HDF": {
      "count": 10000.0,
      "mean": 0.0115,
      "std": 0.10662498247919606,
      "min": 0.0,
      "25%": 0.0,
      "50%": 0.0,
      "75%": 0.0,
      "max": 1.0
    },
    "PWF": {
      "count": 10000.0,
      "mean": 0.0095,
      "std": 0.09700871645943425,
      "min": 0.0,
      "25%": 0.0,
      "50%": 0.0,
      "75%": 0.0,
      "max": 1.0
    },
    "OSF": {
      "count": 10000.0,
      "mean": 0.0098,
      "std": 0.09851360562404211,
      "min": 0.0,
      "25%": 0.0,
      "50%": 0.0,
      "75%": 0.0,
      "max": 1.0
    },
    "RNF": {
      "count": 10000.0,
      "mean": 0.0019,
      "std": 0.043549737748530666,
      "min": 0.0,
      "25%": 0.0,
      "50%": 0.0,
      "75%": 0.0,
      "max": 1.0
    }
  }
}